<?xml version="1.0"?>
<project name="Includes check" default="idl" basedir=".">

	<taskdef name="idlcheck" 
		      classname="net.coderazzi.idldepend.IDLCheckerTask" 
			   classpath="../idldepend.jar"/>
	
	<target name="idl">
		<idlcheck compiler="jdk"
			       force="false" 
				    checkAll="false" 
					 verbose="debug" 
					 targetDir="output" 
			       dependsDir="dependencies">
			<fileset dir=".">
				<include name="forward.idl" />
			</fileset>
			<include>
				<pathelement path=".." />
			</include>
			<define name='JDK'/>
		</idlcheck>
	</target>

</project>